"TC"	"PASSWORD"	"NAME"	"SURNAME"	"PHONENUMBER"	"ADDRESS"	"MEMBERSHIPDATE"	"EMAIL"
"13344323334"	"202cb962ac59075b964b07152d234b70"	"test"	"ee"	"034234432"	"dd"	03/01/2018	"test3@hotmail.com"
"14255588866"	"202cb962ac59075b964b07152d234b70"	"test"	"testsurname"	"052425889"	"aydinlar mah test sok."	04/01/2018	"test2@gmail.com"
"11132121866"	"202cb962ac59075b964b07152d234b70"	"veli"	"tasoren"	"0332423432"	"dssdf"	04/01/2018	"user4@hotmail.com"
"13892475022"	"182be0c5cdcd5072bb1864cdee4d3d6e"	"ahmet"	"mutlu"	"0332350114"	"ataturk cad."	04/01/2018	"user3@hotmail.com"
"14111121866"	"202cb962ac59075b964b07152d234b70"	"ekere"	"tasoren"	"03342343"	"dssdf"	04/01/2018	"user2@gmail.com"
"11100021866"	"202cb962ac59075b964b07152d234b70"	"rasit"	"tasoren"	"033423432"	"dssdf"	04/01/2018	"user2@hotmail.com"
"78461265411"	"202cb962ac59075b964b07152d234b70"	"fatih"	"ese"	"052185415"	"gultepe mah."	04/01/2018	"user@hotmail.com"
"13344323334"	"202cb962ac59075b964b07152d234b70"	"test"	"testsur"	"032344232"	"adress"	03/01/2018	"test@hotmail.com"
"13344322234"	"202cb962ac59075b964b07152d234b70"	"dd"	"dd"	"4355423"	"dd"	03/01/2018	"test2@hotmail.com"
"32243343434"	"202cb962ac59075b964b07152d234b70"	"ahmet"	"mutlu"	"05324323"	"Universiteler mah. cankaya"	03/01/2018	"test@gmail.com"
